ID,matched_score
1,0.7093333333033331
2,0.6545333334015236
3,0.6339999999599994
4,0.3969333333400001
5,0.6983999999000001
6,0.6351333333866666
7,0.7336000000257303
8,0.6472666666999995
9,0.6133333332933334
10,0.740400000056111
11,0.7618000000583334
12,0.8235333333132785
13,0.6396000000244441
14,0.6060666666511109
15,0.4040000000200001
16,0.6921999998800002
17,0.6700666666782218
18,0.6531999999561109
19,0.6991333333044208
20,0.8115333333053181
21,0.6746666600426348
22,0.6656666665497568
23,0.6499999999999995
24,0.6778666666612168
25,0.8434666666333337
26,0.6686000000228574
27,0.6362666666599994
28,0.6858666667395239
29,0.366
30,0.7268666665399999
31,0.6777333334053841
32,0.7665333332612125
33,0.7845999999316672
34,0.6367333333333334
35,0.6638666666599994
36,0.7845333332812124
37,0.712933333379582
38,0.7189999866466666
39,0.7476666666666673
40,0.8193333333400004
41,0.6096666666533332
42,0.7193999998845654
43,0.6984666666053844
44,0.5273333267466669
45,0.8407999999866673
46,0.7971266666400005
47,0.7103999999679997
48,0.6947999998989743
49,0.6325999999799996
50,0.6281999999999995
51,0.8313333332822229
52,0.7831333333286669
53,0.8377333333333341
54,0.8373333333800008
55,0.7475999999400001
56,0.6279999999799997
57,0.805533333366328
58,0.6335333334102365
59,0.6775999998800001
60,0.5551333266400001
61,0.7054666666566668
62,0.5596666666600003
63,0.7255333332929478
64,0.34919999991999995
65,0.5513333333200001
66,0.6000000000199996
67,0.6914666665799999
68,0.6534000000266663
69,0.8130933333733337
70,0.6991999998755551
71,0.7404000001181111
72,0.691899999903903
73,0.6296666665799997
74,0.7415333333781546
75,0.6192666665400002
76,0.6197999999999996
77,0.46920000013555546
78,0.6407999599890158
79,0.8047333333535558
80,0.3542
81,0.6791333332600001
82,0.6263333332999995
83,0.6670666665999996
84,0.56340000002
85,0.3855333333
86,0.5532666666199996
87,0.7675999999819306
88,0.5911333333144502
89,0.7650666665933337
90,0.6687333332399996
91,0.782999999925643
92,0.4393333333199998
93,0.7285933333122224
94,0.6776000000199999
95,0.5758000000799998
96,0.7723333333489414
97,0.7717333331743892
98,0.5273333333026131
99,0.7359333333383334
100,0.7072000000365182
101,0.7518666667200002
102,0.3931999999044119
103,0.6893333334036664
104,0.5505999933400001
105,0.6633333333199996
106,0.3606000000199998
107,0.5809333333266666
108,0.7262000000626665
109,0.7419999999813662
110,0.7517999999733337
111,0.6921333333374814
112,0.8237999998277783
113,0.67866666644
114,0.7911999999629634
115,0.7476000001516667
116,0.7517333333246766
117,0.6310666666805167
118,0.8479999999990204
119,0.842899999993334
120,0.7957333333366671
121,0.6466666667199994
122,0.686200000006667
123,0.7129999999966664
124,0.8320000000200005
125,0.7220666666306248
126,0.7434000000399997
127,0.7713333332796084
128,0.468533333320238
129,0.6800666665933331
130,0.6877999998952383
131,0.719133333461087
132,0.6441333333199996
133,0.6442666666666663
134,0.8293999933013338
135,0.7615999999633332
136,0.45199999989194095
137,0.7765999999804581
138,0.7693333333403705
139,0.68753333324
140,0.6398666666666665
141,0.3419999999999998
142,0.6604666666066664
143,0.6671333333466662
144,0.7765333333329416
145,0.7494666666200002
146,0.6837333333733331
147,0.6846666666599996
148,0.757333333441212
149,0.5710000000333332
150,0.7963333333200003
151,0.6635333333439027
152,0.7196666664600001
153,0.8457333333373537
154,0.5755999999041428
155,0.6397999999717778
156,0.7676666667
157,0.5186666665866665
158,0.6455333333638623
159,0.70176664008
160,0.7748000000240002
161,0.7668666668829257
162,0.5459333334133334
163,0.6760000000548814
164,0.43659999985999975
165,0.8358666666533339
166,0.5789999999552381
167,0.4350000000200003
168,0.7932666665630005
169,0.7306666666413334
170,0.6912666667356657
171,0.8437999999800008
172,0.7401999999893334
173,0.7734666665988891
174,0.610199999996667
175,0.5991999999733333
176,0.59299999998
177,0.6954666665766566
178,0.7701999999888891
179,0.7447333333941666
180,0.7370666666217778
181,0.8002000000731112
182,0.8003333333111116
183,0.4452666666533336
184,0.6405999999599996
185,0.5417999999433332
186,0.6707333333208642
187,0.8275333333757784
188,0.7618666665908573
189,0.7833333331962968
190,0.7999333334047622
191,0.7674666667000005
192,0.8119999999666672
193,0.6623999998466665
194,0.39946666667777797
195,0.8141333333266673
196,0.7475333332927677
197,0.6297333332599998
198,0.7581999999800001
199,0.8371333333555558
200,0.6408000000649526
201,0.7389333333185557
202,0.6787333333079998
203,0.7813999999466671
204,0.8258666666600005
205,0.7653333332800003
206,0.769533333285778
207,0.5761333332222223
208,0.7026666666208573
209,0.6764666666397672
210,0.3559999999799999
211,0.7264666666591109
212,0.6892333333384449
213,0.8383333334066669
214,0.8488666666600008
215,0.6321999999799995
216,0.80086666670754
217,0.49319999998851877
218,0.7798000000533336
219,0.7461333334200002
220,0.6939333333338567
221,0.7588666666338891
222,0.5585333332999999
223,0.7058000000144447
224,0.5521999998800001
225,0.8244333333253708
226,0.7331999999542222
227,0.7568000000979263
228,0.6535333333383886
229,0.6710666666599999
230,0.7833333333222224
231,0.6724000000557935
232,0.5142000000399998
233,0.3632666665510555
234,0.6917333334471718
235,0.835666639959334
236,0.5430666666827775
237,0.6417333332377779
238,0.46173333335999994
239,0.6793999999663327
240,0.7324000000399998
241,0.7661333334122221
242,0.41233333328000016
243,0.48613331997694453
244,0.6171333333599996
245,0.7452666666508574
246,0.7791999999485715
247,0.7223333332612121
248,0.6472000000599998
249,0.6575333332953842
250,0.7214000000147223
251,0.6113333332133335
252,0.6909333333622218
253,0.669599999989244
254,0.6782666666703951
255,0.8148000000182227
256,0.7577333332233337
257,0.6533333332999994
258,0.5463333332576397
259,0.7998000001009999
260,0.7809933333800001
261,0.7652666666318519
262,0.6495333332987708
263,0.7099000000533335
264,0.6205999999223366
265,0.7551999600429685
266,0.4078666667066667
267,0.7033333332378298
268,0.7166666665866666
269,0.6954333333711108
270,0.7183333333199998
271,0.6454000000555554
272,0.7602000000736838
273,0.7924000000088894
274,0.4026666666600001
275,0.7287000000426664
276,0.6663999999599995
277,0.6826666665399999
278,0.4539999999999999
279,0.7921333333130004
280,0.763333333337889
281,0.5439333333244443
282,0.7567333333711109
283,0.8121333333400006
284,0.7708666666733334
285,0.772633333406667
286,0.6294666666583333
287,0.639533333313333
288,0.734999999844868
289,0.69013333332
290,0.7868666199029635
291,0.7717999999872225
292,0.7771999999000003
293,0.5035999999
294,0.6448666666612219
295,0.5954666666794443
296,0.6695999999800003
297,0.7960666666577783
298,0.7571999999592641
299,0.4969333332199997
300,0.7295333333077779
301,0.6842666666244441
302,0.7199999999520369
303,0.7531666665899999
304,0.35266666666
305,0.71506666654
306,0.4465333333600002
307,0.7754666666133336
308,0.8326666666679091
309,0.7603999999730001
310,0.6459333332999998
311,0.6266666665968961
312,0.6984666667108468
313,0.7929332866351116
314,0.6730666066421904
315,0.6174000000197603
316,0.6305999999599997
317,0.6999999999999998
318,0.6653333333174446
319,0.6844666666938565
320,0.7582000001066667
321,0.6940000000635365
322,0.8213333333200005
323,0.6345333333279998
324,0.6951333333053908
325,0.7095333333057777
326,0.7212599999909525
327,0.5991999999599996
328,0.827199999968334
329,0.5752666666066668
330,0.6172000000133333
331,0.6747333333133331
332,0.76686666673783
333,0.45099999992000006
334,0.8395333333400008
335,0.6750666666778575
336,0.58726666668
337,0.46993333326000014
338,0.6480000000199996
339,0.6992666666600006
340,0.49133333336
341,0.8334000000000005
342,0.6367999999466669
343,0.7973333333400003
344,0.5388666666666665
345,0.8324666666711115
346,0.7829999999888894
347,0.7515333334714444
348,0.6973333334337007
349,0.7438666666733335
350,0.709133333342979
351,0.6228666133599999
352,0.44252666668336504
353,0.8210000000498188
354,0.7026533333380952
355,0.7244666665200001
356,0.7881999999200004
357,0.5578666666999998
358,0.6861999999867241
359,0.6862666666088889
360,0.6345999999599998
361,0.8266666667300003
362,0.4949333333199998
363,0.797133333326667
364,0.6319333332999997
365,0.6538666666599995
366,0.6424666666699997
367,0.6207999999940315
368,0.8113333332800007
369,0.6796666668234573
370,0.6201333333200001
371,0.45520000000000005
372,0.7213999999495553
373,0.8150666666522229
374,0.6604666533133332
375,0.7273666666618042
376,0.6627333334199998
377,0.7003999999933338
378,0.840399999993334
379,0.6566666666651848
380,0.4993999866169445
381,0.57633333334
382,0.6428666667114881
383,0.8238666666400006
384,0.6716666666644603
385,0.7614666666333334
386,0.8066666666960005
387,0.8420666665066667
388,0.5425999999733333
389,0.7896666666407413
390,0.6950666666399999
391,0.5264666666800002
392,0.6583333333399995
393,0.6888666666344444
394,0.6090000000199995
395,0.7643333200760002
396,0.5201333334466667
397,0.7747333332866668
398,0.35626666668
399,0.7606666667569841
400,0.7981333333200006
401,0.7075333333999998
402,0.6740666666895316
403,0.5993999999799997
404,0.6515333333497217
405,0.6516666666614196
406,0.7851333333511115
407,0.6192000000013329
408,0.6476666666599995
409,0.8011999999633338
410,0.8180000000066673
411,0.8291333333216673
412,0.75293333336
413,0.7786000000742331
414,0.7813000000483334
415,0.4284000000599999
416,0.7045333332917224
417,0.67366666666
418,0.7463333332800002
419,0.8045999999468576
420,0.44319999999999987
421,0.46866666658666667
422,0.38586666664526975
423,0.625999999906667
424,0.36679999999999985
425,0.5517999999917778
426,0.6708666666399995
427,0.789199999907032
428,0.5867999999238095
429,0.6659333333657778
430,0.8289999999513035
431,0.7757333332513338
432,0.6180666666816662
433,0.6771333332767776
434,0.6839999999399996
435,0.41619999995197765
436,0.8461333333506674
437,0.49953333330000005
438,0.7673333331753335
439,0.6306666666599994
440,0.47199999993999975
441,0.5970000000377778
442,0.48159999989999996
443,0.7381333334466668
444,0.46799999332
445,0.6824666667099005
446,0.5798666666399999
447,0.8413333333422228
448,0.7955666666200005
449,0.42946666662333355
450,0.6669333333710149
451,0.4865999999599998
452,0.6553333333199995
453,0.6272666665826662
454,0.7101999999424445
455,0.8009333333093237
456,0.7043333333866664
457,0.6918666666394442
458,0.7919999999607781
459,0.7277333332186351
460,0.8203999999972598
461,0.5875333332999997
462,0.37066666662
463,0.6625333332934392
464,0.8120000000040006
465,0.7284666666958083
466,0.5581999933599998
467,0.7986666666400005
468,0.6576666666533328
469,0.6630666666000002
470,0.8034000000200006
471,0.7206000000399996
472,0.5945333333599997
473,0.8115333334147781
474,0.6373333332999995
475,0.39320000002000005
476,0.7036666666866667
477,0.5494000000800002
478,0.5061333333866663
479,0.7447333332350792
480,0.5712000000066668
481,0.4361999933199999
482,0.7786333133300002
483,0.8409266666800006
484,0.6921999999778298
485,0.40073333328
486,0.75333330002
487,0.6201333333200001
488,0.7655333333101211
489,0.72160000006
490,0.7707333332708204
491,0.4947999999838706
492,0.74693333337
493,0.7300000000454877
494,0.7529333333050743
495,0.6877333332199997
496,0.7294666665619051
497,0.6372000000000003
498,0.6959999999673577
499,0.6576666666725
500,0.7589333332655559
501,0.7245333333533337
502,0.6063333333511427
503,0.7716666667333336
504,0.5899999999999997
505,0.8299333333116674
506,0.7605999999302224
507,0.7525333334125612
508,0.7270666666201171
509,0.7794000000044449
510,0.8184000000166671
511,0.7373333333439959
512,0.8350666667200005
513,0.7584666666265556
514,0.6360000000399995
515,0.6802666666406667
516,0.7126000000643328
517,0.5224000000049998
518,0.7343999999200004
519,0.8473333333367981
520,0.693333333191111
521,0.7357333066666666
522,0.6674666666814266
523,0.8453333333400007
524,0.7902000000566667
525,0.8040000001000003
526,0.40853333327536695
527,0.5738000000503177
528,0.7540666666837776
529,0.7218666668398513
530,0.6936666667849336
531,0.45433333325526987
532,0.42133333336
533,0.7089999999695553
534,0.7340666668165668
535,0.6534666666746664
536,0.7273999999284446
537,0.8022000000111115
538,0.6449333266666664
539,0.5040000000866669
540,0.761466666610167
541,0.7269999999599998
542,0.8040000000001417
543,0.7024000000340276
544,0.42639999993391525
545,0.6841999998800001
546,0.8127333333135561
547,0.6643999932799995
548,0.8219333333472227
549,0.6887333200037373
550,0.7573266666566668
551,0.7081999998585186
552,0.7910000000066669
553,0.71333333319783
554,0.36873333311561857
555,0.6153333334199997
556,0.8148666666700002
557,0.7998599999862226
558,0.7886000000375002
559,0.5178666666507775
560,0.3956000000000001
561,0.3493333333399999
562,0.8321999999877466
563,0.6426666665266667
564,0.4802666665999997
565,0.71471999994
566,0.7025066666642857
567,0.6873333332466665
568,0.4579333333133335
569,0.3579999999999999
570,0.5581999933599998
571,0.7042666666655555
572,0.38613333334000005
573,0.8166666666623534
574,0.5394666532969445
575,0.744666666670944
576,0.6529333266799995
577,0.80293333328
578,0.6479999999599997
579,0.6057999999000002
580,0.6122666666399998
581,0.8256666666600008
582,0.7333333332793331
583,0.6706666666999994
584,0.6805333331581818
585,0.6436666667139233
586,0.6391999999799994
587,0.7875999999988893
588,0.6971333333177776
589,0.6781999999585183
590,0.6946000000033327
591,0.8209333333616672
592,0.8097333333333337
593,0.5669333333
594,0.6983333265755554
595,0.43133333344666647
596,0.6995333334164283
597,0.3856000000000001
598,0.3994666666800001
599,0.6577333333611111
600,0.7446000000199998
601,0.6921333332799996
602,0.805399993318667
603,0.3733999999866667
604,0.8291333333166674
605,0.7756333333466668
606,0.4973333333333337
607,0.6961333333199998
608,0.56153333334
609,0.6113333332599996
610,0.7030000000266667
611,0.6156666666399996
612,0.7657999999442703
613,0.49346666656347915
614,0.7865333333133333
615,0.8219999999600006
616,0.784399999961931
617,0.6241333333377773
618,0.49013333322000013
619,0.7346000000089744
620,0.5476666666600001
621,0.8061333333933337
622,0.7736666666137889
623,0.7187333333063489
624,0.7651000000333336
625,0.44466666663333354
626,0.6953333333199997
627,0.6506666666599993
628,0.466733333309
629,0.6586666666199997
630,0.757399999969746
631,0.4125333332599998
632,0.7735333334400002
633,0.6760666666524996
634,0.7852666666222226
635,0.7219333332711172
636,0.45366666669999994
637,0.6362666666991535
638,0.8420000000000009
639,0.354000000025893
640,0.6050000000799998
641,0.7432000000366666
642,0.6685999999599995
643,0.7924000000022725
644,0.7292000000329414
645,0.37400000001444456
646,0.7099333333433333
647,0.7697999999793336
648,0.7035999999212119
649,0.698066666598
650,0.4746666666466666
651,0.3541333333199999
652,0.7421999999844445
653,0.5990666666833333
654,0.5176666665600002
655,0.46559999986000017
656,0.7101999999779999
657,0.6746666665861903
658,0.5581999933599998
659,0.4837999999400001
660,0.6394666666133332
661,0.4139999999199999
662,0.6987333333533334
663,0.8482000000200007
664,0.7341333333852593
665,0.5246666532769445
666,0.5968666667266666
667,0.693506666713333
668,0.738199999961333
669,0.8177000000293339
670,0.735066666605778
671,0.7898000000167409
672,0.6767555465347036
673,0.7856666666650004
674,0.6560000000333328
675,0.6533333333199995
676,0.6621999998999997
677,0.8287333333333338
678,0.6937999998961906
679,0.7212666666213333
680,0.7671999999672223
681,0.6743333333333332
682,0.7659999999801904
683,0.7507333333629628
684,0.628733333411111
685,0.7853333333600001
686,0.7323999999199998
687,0.6413999999799996
688,0.5683333332733338
689,0.8060666665066673
690,0.5732000000599999
691,0.5817333332733333
692,0.7701999998819309
693,0.3515999999799999
694,0.7885333333108338
695,0.6108666666066666
696,0.8075333333433338
697,0.8182000000008894
698,0.7823333332134298
699,0.7984666666533338
700,0.739533333346667
701,0.40086666664818166
702,0.7251333332679999
703,0.8136666666766672
704,0.4536666664999999
705,0.8370666666780958
706,0.3750666666800001
707,0.7099333332663491
708,0.7695333333333335
709,0.6587333334010151
710,0.6995999999613334
711,0.6606666666587708
712,0.7613333333105559
713,0.6408000000383334
714,0.8055333333000003
715,0.4291933332837619
716,0.7914666666117782
717,0.7780666666748894
718,0.7388666666588892
719,0.7211333333800001
720,0.8073333333400005
721,0.47646666664666654
722,0.6943333332434074
723,0.6105333333402223
724,0.8284333333483336
725,0.6660000000350794
726,0.8208666667244973
727,0.4151999999244119
728,0.6007333332599997
729,0.7139999998959048
730,0.7903333333800007
731,0.7266666665889743
732,0.638199999974753
733,0.8534666666722227
734,0.8527999999600007
735,0.4988000000999999
736,0.44726666007999993
737,0.6679333333141169
738,0.6831333331803334
739,0.3152666666466668
740,0.8011999999942069
741,0.6876666665581813
742,0.6865199998799997
743,0.5394666667931114
744,0.8000666665891195
745,0.3863333333400001
746,0.5464000001155556
747,0.7348000000617779
748,0.6657333333333336
749,0.39820000001999994
750,0.8426666666666673
751,0.35793333331999994
752,0.786066666576
753,0.8092666666294451
754,0.8000000000000003
755,0.7305333333599999
756,0.5548000000599995
757,0.7198666665740733
758,0.5236666666627645
759,0.6413333332883334
760,0.8370666666666673
761,0.7807333333311115
762,0.6745333333966669
763,0.36153333331999987
764,0.6033333332400002
765,0.6182000000194869
766,0.6513333198666664
767,0.8080000001919843
768,0.4021333333800001
769,0.7869999999662224
770,0.3496666666599999
771,0.6749333333765241
772,0.7161333333799997
773,0.72613333344
774,0.7839999999930559
775,0.3915999999800001
776,0.5122000000333332
777,0.8001999999366673
778,0.6005999999299999
779,0.37206666661700005
780,0.6191333333146668
781,0.6349999999399998
782,0.6112000000644443
783,0.7089333333566933
784,0.8012666666727785
785,0.6954666533533331
786,0.7184533333533332
787,0.8097333333044449
788,0.6780666666622222
789,0.6169266666533336
790,0.4953999999600002
791,0.778866666623778
792,0.7108666665000001
793,0.8078000000382225
794,0.7429999999666664
795,0.4038000000000001
796,0.6244666665825183
797,0.6957333334641802
798,0.7991999999978304
799,0.834666666566667
800,0.8133333332600007
801,0.7389000000603335
802,0.7226666666509258
803,0.36333333332572243
804,0.8058666667072198
805,0.7177333332999999
806,0.7809999999600002
807,0.4140666666399997
808,0.756666666619264
809,0.7087333333966509
810,0.5380000001599998
811,0.7598000000100005
812,0.7845333333266667
813,0.7147333332993333
814,0.6582000000199996
815,0.76786665333
816,0.7218000000115555
817,0.698333333329524
818,0.8128666666400004
819,0.6083333333533333
820,0.8291333333300007
821,0.41146666667999987
822,0.4938666666466669
823,0.7046666667199999
824,0.64760000008
825,0.7932000000000002
826,0.8303333332590204
827,0.39646666662182695
828,0.4628666666841666
829,0.7728666666882331
830,0.6102666666599998
831,0.7733999999833336
832,0.6725333333145552
833,0.36873333311561857
834,0.731453333245397
835,0.683266666648889
836,0.4434666665593109
837,0.681000000082222
838,0.6604666666761908
839,0.7898000000250934
840,0.6421333333420507
841,0.6719333332937709
842,0.6154666665000001
843,0.6414666666233336
844,0.7639933333200005
845,0.7186666666433336
846,0.8331333266413339
847,0.6288666666724444
848,0.8208666667000004
849,0.6921999999933333
850,0.7427999999536564
851,0.6459999999966664
852,0.8347999999940747
853,0.48020000006000013
854,0.5927999998933334
855,0.7496666666606666
856,0.3826666665909628
857,0.8230000000623534
858,0.7133999999960404
859,0.8390000000000007
860,0.7406000000524421
861,0.7791999999347001
862,0.8093333333300003
863,0.5213333333733337
864,0.7412666665000001
865,0.6319333332999998
866,0.6686666666999999
867,0.7721999999866669
868,0.8353333333200007
869,0.4209999999399999
870,0.7468666666957776
871,0.7890000000133337
872,0.7769999999676775
873,0.7637333332988889
874,0.7715333333151113
875,0.6837333333538385
876,0.6642666665218517
877,0.38533333334000003
878,0.3807333333199999
879,0.6567999999799996
880,0.792066646636889
881,0.8248000000298188
882,0.71453333324
883,0.8248666666400005
884,0.8107333332714767
885,0.6127333333300002
886,0.6454666667599994
887,0.6013333332
888,0.7296666667234933
889,0.41173333325999983
890,0.6307333333599996
891,0.6831333334228727
892,0.8364666666475942
893,0.6285999999316665
894,0.7180666666555561
895,0.7996000000111114
896,0.7245933333146668
897,0.6884666665433333
898,0.4891333333000001
899,0.6282666666566666
900,0.5564000000326667
901,0.8360666599680006
902,0.8374666665566672
903,0.35446666661999976
904,0.7179333334361876
905,0.8273333333195758
906,0.7894666666466668
907,0.64506666657
908,0.6436666667027682
909,0.7287999999764554
910,0.7992599999473079
911,0.6720000000199995
912,0.7864666665983334
913,0.6617333332999996
914,0.6614000001150069
915,0.8008666665226462
916,0.6800666666374998
917,0.7624666666991113
918,0.3623333333571428
919,0.6443333332872361
920,0.6446000000399995
921,0.6587999999799996
922,0.7107333333799997
923,0.7046666666375135
924,0.766133333309746
925,0.3492666666799999
926,0.6307999999813331
927,0.59626666672
928,0.6613333333096669
929,0.8172666666480004
930,0.4573333333200003
931,0.6643999999599995
932,0.7592666666526985
933,0.8263999999743895
934,0.7925999999600002
935,0.680733333284428
936,0.6959333332585083
937,0.7722666666119845
938,0.7344666667015658
939,0.35026666669999995
940,0.4847333333399999
941,0.7168666666505555
942,0.7428000000232805
943,0.7979333332191115
944,0.6833333333028861
945,0.6831333333606838
946,0.5869333333733332
947,0.6887333332415382
948,0.539866666713333
949,0.7727999998888891
950,0.6650666666096348
951,0.7979999999826672
952,0.4202666667200001
953,0.7133333333753291
954,0.6499999999999995
955,0.8165333333216672
956,0.7931999999751186
957,0.7503333334000003
958,0.6979999998599999
959,0.7333333332826666
960,0.6872000000105555
961,0.6401999999999997
962,0.8368666666955561
963,0.3485333333599999
964,0.7367333333830159
965,0.7195333333730929
966,0.36066666663999997
967,0.726266666644016
968,0.6906666666999997
969,0.8448666667164452
970,0.6627333333399996
971,0.7501333333269633
972,0.8455333333400007
973,0.5901999933352381
974,0.43793332650610767
975,0.5781333332799996
976,0.6866666665578299
977,0.8228666666200009
978,0.37793333331444445
979,0.6235999600066663
980,0.6406666666599995
981,0.8025333333524448
982,0.828666666682036
983,0.6230666665599996
984,0.7672999999504971
985,0.8185999999651119
986,0.3763333332799999
987,0.4133333333266669
988,0.5953333333399996
989,0.6773333334599994
990,0.6809333332841905
991,0.8216666665711115
992,0.642000000047236
993,0.8446666667200007
994,0.5989333333866665
995,0.4129333333159489
996,0.675066666661333
997,0.6395333199977777
998,0.5712666664800001
999,0.7417333333791111
1000,0.7236666465992123
1001,0.8079999665958737
1002,0.7550666666484449
1003,0.41746666668000015
1004,0.5783999999733331
1005,0.7262666666663335
1006,0.5976666666400005
1007,0.7217333333546665
1008,0.4551333333000002
1009,0.6258666666999995
1010,0.75073333324
1011,0.4323333332800001
1012,0.7427333332764021
1013,0.4142000000199999
1014,0.40753333327999997
1015,0.7817999999980744
1016,0.6907333333728727
1017,0.5693333334169445
1018,0.7671333333440955
1019,0.7733333332675559
1020,0.7993333334600002
1021,0.5588666599999997
1022,0.7380000000267777
1023,0.6635333333200002
1024,0.681133333282148
1025,0.7650000000111113
1026,0.7019333199593332
1027,0.6595333333199994
1028,0.758866666564868
1029,0.6917666667405237
1030,0.740400000015524
1031,0.655333333353333
1032,0.41779999998
1033,0.4716666665400001
1034,0.6489999999999995
1035,0.4107999999599999
1036,0.4744666667200002
1037,0.5560666666866667
1038,0.7835333333440941
1039,0.8065333333293337
1040,0.7414000000569442
1041,0.8227666666644451
1042,0.6780666666458468
1043,0.43946666001999984
1044,0.6388000000066661
1045,0.8242000000158578
1046,0.7692666665466668
1047,0.8340000000022227
1048,0.7761333333366669
1049,0.6867999999420511
1050,0.8114666532600004
1051,0.6528666466399996
1052,0.6566666665853843
1053,0.7502666666803702
1054,0.46593333345999993
1055,0.7858666667000003
1056,0.6704000000399994
1057,0.4936666667000001
1058,0.6216000000400004
1059,0.8010666666266671
1060,0.4544666666399999
1061,0.6768666666399996
1062,0.721333333351736
1063,0.6093333333199997
1064,0.5057333334000003
1065,0.7525999999600002
1066,0.7106666666399998
1067,0.5361333334399998
1068,0.6654000000361902
1069,0.5468666599600002
1070,0.5664666666
1071,0.41099999337333315
1072,0.5778000000733331
1073,0.73339999988
1074,0.7029333332978303
1075,0.6945333333199999
1076,0.4296666666146669
1077,0.668399999862222
1078,0.4593999999399998
1079,0.7220999999334711
1080,0.6588666665799995
1081,0.4435333332999999
1082,0.7470000000652628
1083,0.709799999926212
1084,0.8222000000355558
1085,0.4933333333399999
1086,0.4426666666399997
1087,0.7018666666166666
1088,0.58219999996
1089,0.6626666666443337
1090,0.8117333333196085
1091,0.6246666666199997
1092,0.6740666665574926
1093,0.6905333333016189
1094,0.49233333326000006
1095,0.8380000000000006
1096,0.7579333333192639
1097,0.6492666667288889
1098,0.7781333332200004
1099,0.7749333332033973
1100,0.6543333333416668
1101,0.3772666666400001
1102,0.629599999984753
1103,0.5529333267799998
1104,0.4525333333041738
1105,0.6817333332424443
1106,0.4144666533199998
1107,0.7856000000600001
1108,0.8280000000411118
1109,0.8368000000157785
1110,0.8109999999328893
1111,0.3489999999999999
1112,0.7927333333300005
1113,0.6417333332399997
1114,0.5719999998926455
1115,0.36733333331999996
1116,0.6121333333366669
1117,0.7107333333199999
1118,0.35266666667444446
1119,0.6554666666386663
1120,0.3538666666399998
1121,0.6491333333399997
1122,0.7574666666675003
1123,0.48366666666
1124,0.6442666666200002
1125,0.8185999999651119
1126,0.376
1127,0.6519999999999995
1128,0.8104000000000005
1129,0.6201333333200001
1130,0.8490666666666672
1131,0.6539333332966666
1132,0.7221466666959604
1133,0.5009999999702324
1134,0.6951333332799998
1135,0.39740000002000003
1136,0.7541333333700004
1137,0.6491333333599996
1138,0.7914666665266669
1139,0.5759333332989744
1140,0.7184000000416672
1141,0.3990666665399999
1142,0.788066666617778
1143,0.7205999999799998
1144,0.6999333333246668
1145,0.7057333333785182
1146,0.7199333333266666
1147,0.7384666599244345
1148,0.8326666666755561
1149,0.5780666666533334
1150,0.43706666660000004
1151,0.8053999999111113
1152,0.7583999999791113
1153,0.42919999993999985
1154,0.7169333335127945
1155,0.6959333333440951
1156,0.5786666667140952
1157,0.7999999999800004
1158,0.6128666667000001
1159,0.3938666667999998
1160,0.3996666666399999
1161,0.7143333333717358
1162,0.6041999999792121
1163,0.41819999992
1164,0.7531999999831518
1165,0.6700666667656668
1166,0.7416666666796078
1167,0.5057333333333334
1168,0.6039999999633332
1169,0.5513333333315664
1170,0.7293333332335614
1171,0.6649199999844444
1172,0.6835333333799996
1173,0.3539333332999999
1174,0.5621333267199998
1175,0.7221999999702281
1176,0.6812666666766668
1177,0.7925999999046434
1178,0.6438000000599996
1179,0.8475333333400008
1180,0.6917933333607403
1181,0.8453333333400007
1182,0.6657999999255553
1183,0.69900000001
1184,0.6853999999602963
1185,0.6740666666815237
1186,0.37533333331999996
1187,0.6803333333333336
1188,0.7055333199999997
1189,0.6883999997781818
1190,0.6822666666933336
1191,0.6946000000266136
1192,0.6966666667199997
1193,0.6359999999799997
1194,0.6753333333199996
1195,0.8100000000400003
1196,0.6831333333199994
1197,0.7105999998330158
1198,0.7704000000100002
1199,0.4289999997982139
1200,0.637066666643333
1201,0.8081333333600003
1202,0.7831999999641909
1203,0.792197773158334
1204,0.8416666667400005
1205,0.5091999999600001
1206,0.659866666666666
1207,0.8097999999693657
1208,0.6251999999586766
1209,0.7878666666700006
1210,0.6886000000066663
1211,0.6630666666557853
1212,0.7905999999786669
1213,0.7233333332933968
1214,0.7760000000113336
1215,0.7703999998885976
1216,0.4905333333000002
1217,0.7732666666497228
1218,0.74626666664
1219,0.43686666665999974
1220,0.5550666668399998
1221,0.6506666666599993
1222,0.6995266666533331
1223,0.7916666666533339
1224,0.5005333334555556
1225,0.40333333334000004
1226,0.57626658664
1227,0.3406666666199999
1228,0.7695333334400002
1229,0.636866659913333
1230,0.7665110066974815
1231,0.8389333333600009
1232,0.40426666657999993
1233,0.783799999976667
1234,0.610666666662333
1235,0.6626666666799995
1236,0.5701333333801113
1237,0.7500666665503366
1238,0.8388666666600006
1239,0.4970666667800003
1240,0.7087333333869629
1241,0.35606666657999997
1242,0.7570666666600003
1243,0.6936000000599997
1244,0.6339999999999995
1245,0.7917333332541113
1246,0.8393333333400007
1247,0.7575333332660003
1248,0.5264000000466664
1249,0.4876666533544445
1250,0.5232666666799998
1251,0.8099333333033338
1252,0.8480000000000009
1253,0.6708000000211114
1254,0.8340000000200007
1255,0.5856666667933332
1256,0.7606666667403337
1257,0.6895333333447522
1258,0.5720000000199998
1259,0.6542666666755553
1260,0.3907999998999998
1261,0.6722666665799999
1262,0.7956666666495558
1263,0.7817333333561115
1264,0.7501999998323534
1265,0.7980000000200005
1266,0.6676666666642592
1267,0.7597999998619049
1268,0.791066666641889
1269,0.5936666667599998
1270,0.6588666666425256
1271,0.7616666666633337
1272,0.6354000000422222
1273,0.3846666666399999
1274,0.7611333332813334
1275,0.49366666677555565
1276,0.699666666621212
1277,0.7270666666088889
1278,0.6572666668054125
1279,0.6105999999999998
1280,0.7922000000741906
1281,0.8221999999400006
1282,0.7182666666628889
1283,0.6305999999599997
1284,0.6995333332679999
1285,0.7899999998400006
1286,0.7936666666362225
1287,0.7610666599477779
1288,0.7858666599933337
1289,0.8079999999578307
1290,0.4066666666666668
1291,0.7004666665999999
1292,0.6544666666020508
1293,0.5302666532880159
1294,0.6447333333159997
1295,0.7466000000193443
1296,0.7344666666213332
1297,0.5754666600666665
1298,0.846466666675687
1299,0.5735333267555557
1300,0.7688000000333335
1301,0.6706666666199996
1302,0.77680000002
1303,0.6864666666199996
1304,0.8470666667177227
1305,0.7018333333111112
1306,0.7188333332901377
1307,0.34333333330558197
1308,0.7600666666029635
1309,0.8500000000000009
1310,0.6664666665999996
1311,0.40533333333333355
1312,0.4000000000544447
1313,0.654866666666666
1314,0.6941333334399994
1315,0.5701333332200001
1316,0.7046666666366669
1317,0.6020000000599999
1318,0.7271333333722225
1319,0.6902666667066661
1320,0.6457333333288888
1321,0.7530666667263312
1322,0.47819999997999973
1323,0.6239999999773328
1324,0.7765999999333336
1325,0.7192666665999999
1326,0.8405977733128897
1327,0.4737333332761112
1328,0.37686666662000007
1329,0.8384000000133339
1330,0.62026666672
1331,0.7809333332700003
1332,0.43046666677999995
1333,0.5562666600000001
1334,0.7163999998466667
1335,0.6918000000286985
1336,0.6289999999399997
1337,0.8133333333400006
1338,0.7942000000160561
1339,0.6867333332633331
1340,0.4151999866399998
1341,0.758866666609746
1342,0.7852666666433334
1343,0.6021333332200002
1344,0.8086666667400002
1345,0.7622000000126669
1346,0.4645333334200002
1347,0.7746666666838893
1348,0.6374666599933332
1349,0.6906666667221902
1350,0.4409333332676508
1351,0.6439999933399995
1352,0.39500000019999987
1353,0.7590999999800004
1354,0.7024000000365243
1355,0.8500000000000009
1356,0.35559999999999997
1357,0.7421999999766665
1358,0.37786666666471425
1359,0.7939333333326669
1360,0.4968000001999997
1361,0.8433333333400007
1362,0.5750666666997775
1363,0.5797999999999999
1364,0.7692000000800003
1365,0.6835333332923075
1366,0.801733333337408
1367,0.6945133333596074
1368,0.6995999999056408
1369,0.7792000000241905
1370,0.7318666666533333
1371,0.7075999999689523
1372,0.6363999999599996
1373,0.7719333333016672
1374,0.6915333333922038
1375,0.7314000000493346
1376,0.7473999999651854
1377,0.814066666645556
1378,0.45219999323999993
1379,0.6686666666672361
1380,0.7240666666893334
1381,0.8057333332734644
1382,0.7687000000150003
1383,0.6546666666399994
1384,0.6339999999959999
1385,0.7726666665600004
1386,0.7155333332600001
1387,0.785733333411889
1388,0.829333333341334
1389,0.7901999999730956
1390,0.7414666666133337
1391,0.7437333332693443
1392,0.789999999938408
1393,0.8326666666633339
1394,0.36873333333999997
1395,0.5819999999866667
1396,0.8096000000135559
1397,0.37639999997999984
1398,0.8228000000000005
1399,0.8428666666755562
1400,0.7438666666964445
1401,0.8404000000066673
1402,0.39386666664000003
1403,0.7280666666733338
1404,0.3521333332840102
1405,0.36646666667999994
1406,0.8295333334000005
1407,0.818199999953334
1408,0.8293999999213336
1409,0.4128666665866665
1410,0.6679333332199998
1411,0.7290666666799999
1412,0.36280000005999996
1413,0.82420000001202
1414,0.6567999999593331
1415,0.8357333334066672
1416,0.8406666666800007
1417,0.6125999998969002
1418,0.6233333333199998
1419,0.5184666667118889
1420,0.7677999933654565
1421,0.5558666666333333
1422,0.831733333329334
1423,0.6981333333711909
1424,0.4553333333533331
1425,0.4312000000399998
1426,0.8174666667633338
1427,0.3624666666208334
1428,0.6434666666990424
1429,0.46479999998000016
1430,0.33539999995999986
1431,0.7287333333333332
1432,0.7576333200230401
1433,0.35486666681999984
1434,0.7554000000097411
1435,0.6923333198883749
1436,0.8344000000357784
1437,0.7115999999641904
1438,0.7716666666711114
1439,0.8406666666800007
1440,0.7301333200346666
1441,0.6242666665527778
1442,0.6726666666812219
1443,0.67846666676
1444,0.698466666766963
1445,0.6474000000066663
1446,0.6562000000199996
1447,0.6399999999800001
1448,0.7965999999088893
1449,0.5603999933599998
1450,0.8486666666623538
1451,0.7162666664800001
1452,0.7243333331966667
1453,0.6685333333599996
1454,0.3609999999154601
1455,0.6940666665619045
1456,0.8486666666800008
1457,0.8480000000200006
1458,0.8045999999594451
1459,0.7670666666400002
1460,0.39360000006
1461,0.685599999977778
1462,0.6863333334033334
1463,0.4441999999799997
1464,0.6878666665755552
1465,0.6048000000799998
1466,0.7858666666345562
1467,0.8208666666533341
1468,0.6594666667020509
1469,0.7039999998815384
1470,0.7255999999866667
1471,0.7903333333093334
1472,0.7444333333086668
1473,0.52806666667873
1474,0.8110666665456193
1475,0.6382000000199995
1476,0.824333333406328
1477,0.8189999666800954
1478,0.6969999999028572
1479,0.6539999999999994
1480,0.44066666661999987
1481,0.7927333333133337
1482,0.6564666666324811
1483,0.7245333333861804
1484,0.4756000000094127
1485,0.5776666665400001
1486,0.6499999999999995
1487,0.7392000001049055
1488,0.7875333333800002
1489,0.5239999998266666
1490,0.6452000000744446
1491,0.7615333333133338
1492,0.6923999999812118
1493,0.8093333333000007
1494,0.6270666666599994
1495,0.46833333334000016
1496,0.5948666534866662
1497,0.7600666666011116
1498,0.7743333332116671
1499,0.6537333333999996
1500,0.7186666667564501
1501,0.8261999999866673
1502,0.7634666666619048
1503,0.713400000109714
1504,0.4587999999599999
1505,0.6710000000066668
1506,0.7123333333873648
1507,0.4236600000822539
1508,0.6527333332965148
1509,0.8112000000255561
1510,0.8413333333400007
1511,0.5760666667066664
1512,0.6631999999999997
1513,0.7139333332550266
1514,0.6528000000266667
1515,0.43993333334000007
1516,0.49933333330514285
1517,0.8259999999600008
1518,0.7015999999837779
1519,0.7085333333147616
1520,0.64153333333
1521,0.46899999999999986
1522,0.4660666666733335
1523,0.6522666666629631
1524,0.5306666666133331
1525,0.6857333333741583
1526,0.7056000000100004
1527,0.5949333333199998
1528,0.46366666655999994
1529,0.8340000000100009
1530,0.6446000000999994
1531,0.7057333332941638
1532,0.6874000000447451
1533,0.4747999999200001
1534,0.7217666666593332
1535,0.7892666665612126
1536,0.7392666665600003
1537,0.8186666667463279
1538,0.7868465333388889
1539,0.6224000000175556
1540,0.6463333333069999
1541,0.8258000000153762
1542,0.45999999998
1543,0.6191777732399997
1544,0.7047999999385185
1545,0.835733333328334
1546,0.6881999999399998
1547,0.799533326758667
1548,0.34199999999999986
1549,0.5269333333666666
1550,0.7194666665619048
1551,0.6578666666399997
1552,0.8473333333200008
1553,0.7288666666975396
1554,0.6939999999678832
1555,0.52653333334
1556,0.6631333333448194
1557,0.8139333333000001
1558,0.5857333333113333
1559,0.7273333333046665
1560,0.7117933333133334
1561,0.7020666666700872
1562,0.7627999999695557
1563,0.6774666666166665
1564,0.8000666665868101
1565,0.4311999999082539
1566,0.7794000000011114
1567,0.7418666665822222
1568,0.7801999998800003
1569,0.7840666665828576
1570,0.6408666666799996
1571,0.6326000000264446
1572,0.5871999999966665
1573,0.715266666652201
1574,0.7157333332828573
1575,0.5991999933399997
1576,0.7556666667193335
1577,0.8300000000800005
1578,0.7820666667600003
1579,0.7281999999794444
1580,0.7556333333572222
1581,0.7973333199000008
1582,0.4056666666599999
1583,0.7982666666616669
1584,0.8076666666796974
1585,0.7684666666623333
1586,0.6574666666799996
1587,0.6695999999933328
1588,0.35199999998
1589,0.7814666666542333
1590,0.7142666666259788
1591,0.5304000000601112
1592,0.3819999999999999
1593,0.7333333332815387
1594,0.7807333334689259
1595,0.7540666666626352
1596,0.8134000000262226
1597,0.6470666667199997
1598,0.8475933333400006
1599,0.6199333332599997
1600,0.6887333333599999
1601,0.39859999991999984
1602,0.7286000001466664
1603,0.6690666665600001
1604,0.669066666503956
1605,0.6224666666666663
1606,0.6935333333385972
1607,0.7147999999040741
1608,0.6547999999733329
1609,0.6605333333199994
1610,0.6383999999799996
1611,0.6693333333031477
1612,0.4643333332443174
1613,0.7704200000533334
1614,0.34866666667999985
1615,0.6544666667069337
1616,0.38599999998
1617,0.6740666666146137
1618,0.7367333332258197
1619,0.7403999998658196
1620,0.6121333332724999
1621,0.6703999999400003
1622,0.778199999999789
1623,0.7884666666400004
1624,0.7918666667333337
1625,0.5426666666193124
1626,0.8204000000572225
1627,0.8235333333016673
1628,0.3612666667200001
1629,0.8060644399316673
1630,0.6196000000199998
1631,0.68153333334846
1632,0.7255066666533334
1633,0.7933999999933338
1634,0.8141266667020005
1635,0.3576000000599999
1636,0.7305333332626667
1637,0.547366666675
1638,0.6124666667200004
1639,0.7063333333699997
1640,0.6603333334199999
1641,0.6631333333609163
1642,0.7151333333
1643,0.682266666673238
1644,0.35819999996133334
1645,0.7062000000564284
1646,0.6078000000133333
1647,0.37926666664
1648,0.6687332733019049
1649,0.46846666674
1650,0.6706000000199994
1651,0.6258666666266665
1652,0.6909999599899996
1653,0.6316666667399994
1654,0.6352666666999994
1655,0.6354666666399996
1656,0.6005999867261115
1657,0.4329999999599999
1658,0.5771999999599999
1659,0.7175999999461479
1660,0.6719999997999999
1661,0.6665999998444998
1662,0.4922000000000001
1663,0.7164000000033333
1664,0.4480666667599999
1665,0.3861333332999998
1666,0.8053333334380954
1667,0.7299333333012121
1668,0.6853999999783329
1669,0.6578666666399997
1670,0.6202666667000003
1671,0.49746666660000005
1672,0.804333333261005
1673,0.8433333333288896
1674,0.5015333332532063
1675,0.6977333333772225
1676,0.7606666666800003
1677,0.5750000000800001
1678,0.7529999999200004
1679,0.715999999912487
1680,0.7068666666199996
1681,0.7954000000999999
1682,0.45599999996000024
1683,0.7088666665200001
1684,0.7275999867034604
1685,0.7061333332705615
1686,0.7706000000882223
1687,0.5870000000199999
1688,0.4519333334316826
1689,0.5249999999200001
1690,0.8200000000133341
1691,0.8066666667000004
1692,0.8320000000193695
1693,0.6037333333
1694,0.8304333332822226
1695,0.6373999999216666
1696,0.6880666666884601
1697,0.745666666732984
1698,0.7191333333174998
1699,0.4892666665600002
1700,0.550999999973333
1701,0.7391999999809261
1702,0.6914000000326663
1703,0.45066666671999966
1704,0.6274000000923333
1705,0.7608000000550372
1706,0.6407999999933328
1707,0.5826666667999998
1708,0.38499999991323797
1709,0.5952666666599997
1710,0.7398666667200001
1711,0.5959333333486511
1712,0.4466666667822222
1713,0.75333330672
1714,0.7277333332998789
1715,0.6446666666533326
1716,0.7338644400799998
1717,0.7910000000277198
1718,0.37266666668
1719,0.568533333348333
1720,0.7872666667338335
1721,0.8086666667000003
1722,0.4146666666733334
1723,0.54513333326
1724,0.6411999999999994
1725,0.77553333334
1726,0.685999999977333
1727,0.7173999999901352
1728,0.6974000000612119
1729,0.8246666666800005
1730,0.38313333338
1731,0.7392666666600002
1732,0.3463333332571428
1733,0.7373999998945506
1734,0.7532666667459325
1735,0.6746666667999993
1736,0.7022000001450376
1737,0.44073333328000025
1738,0.8093333333000003
1739,0.58639999988
1740,0.8056333332988892
1741,0.6641999999933332
1742,0.5871999999799999
1743,0.7120666666425925
1744,0.5096666666227646
1745,0.7139333333382047
1746,0.5262000000155553
1747,0.37573333332
1748,0.6775333333815554
1749,0.43106665335999994
1750,0.62293333336
1751,0.6137333333066666
1752,0.7636666667333334
1753,0.6231333334000001
1754,0.5472000000399998
1755,0.8082666666533338
1756,0.6359333331999999
1757,0.8419999999966673
1758,0.8486666666600009
1759,0.7660000001200002
1760,0.7546666533400002
1761,0.6998666666722224
1762,0.6739999999900002
1763,0.7711333333059686
1764,0.6584666666933334
1765,0.6319999999183333
1766,0.7079999999210262
1767,0.6497111067133329
1768,0.6405333335028413
1769,0.38133333333999997
1770,0.6353333333199999
1771,0.5153333268333334
1772,0.6453333333399995
1773,0.3474666666677959
1774,0.74393333316
1775,0.4156000000619365
1776,0.6954666666733335
1777,0.8336666666407468
1778,0.7630000000086301
1779,0.8460000000000008
1780,0.8177333333200001
1781,0.5915333334000004
1782,0.4367333333933333
1783,0.6499999999999995
1784,0.8353333333385561
1785,0.6793999998799031
1786,0.8216666666133334
1787,0.8163999999978307
1788,0.4276666666533337
1789,0.6714666665642592
1790,0.5594666666399999
1791,0.626866666668889
1792,0.7201332800066664
1793,0.7329333333246766
1794,0.678666666570481
1795,0.7623333332966671
1796,0.6203999999713649
1797,0.7765333331431171
1798,0.6456666666799995
1799,0.8020666666083336
1800,0.7771333333733337
1801,0.7297333332352384
1802,0.6048666665422224
1803,0.6422666666599995
1804,0.7109333333222219
1805,0.7000666666735367
1806,0.8013999800613335
1807,0.6357333332566664
1808,0.7673333333376668
1809,0.76333333342
1810,0.7790666666388892
1811,0.6872666532466666
1812,0.8490666666666675
1813,0.8386666666758574
1814,0.6927333333754925
1815,0.7393733332317878
1816,0.6419333332999996
1817,0.6726666667399993
1818,0.8379999999860362
1819,0.7019999999946955
1820,0.6653333333233331
1821,0.4163333333400001
1822,0.5550666667799998
1823,0.6717333334330742
1824,0.41313333333999985
1825,0.6459333333800004
1826,0.700066666639132
1827,0.7663333333482224
1828,0.6726666666989738
1829,0.3803333332866668
1830,0.6131999999533332
1831,0.5099333332533336
1832,0.8381333333284647
1833,0.4181933333609842
1834,0.5935333332733334
1835,0.7645333333284445
1836,0.7226666667071112
1837,0.4715333333000003
1838,0.35226666665999984
1839,0.41699999996666665
1840,0.7243333332574927
1841,0.6735999999799996
1842,0.32886666677999976
1843,0.7795999999556413
1844,0.7380666533292937
1845,0.7161999999917037
1846,0.43159999992000003
1847,0.6440666666485468
1848,0.5820000000119999
1849,0.45899999993999985
1850,0.7076666666752779
1851,0.7318000000022227
1852,0.8230666667166671
1853,0.7473199999822225
1854,0.674800000003333
1855,0.6080666666582223
1856,0.8042000000266672
1857,0.7866666666617779
1858,0.687933333233016
1859,0.6185333333733329
1860,0.6373333332999997
1861,0.7672666666700002
1862,0.788666666620191
1863,0.7176666667022223
1864,0.7151333332616671
1865,0.35273333343999985
1866,0.34759999985999995
1867,0.3853333333000002
1868,0.815466666686667
1869,0.7147333332199031
1870,0.7730666666800003
1871,0.5656666666666667
1872,0.7383999933424881
1873,0.6635333332799995
1874,0.7656666666138889
1875,0.6302000000066662
1876,0.6941333334199995
1877,0.6064
1878,0.7912666666153179
1879,0.718000000146667
1880,0.4052666666833332
1881,0.7579333333227778
1882,0.820666666673334
1883,0.5119333332999999
1884,0.6269999734033336
1885,0.3516666666599999
1886,0.6879999999606765
1887,0.5102666600599999
1888,0.7343333333133334
1889,0.6929333332572383
1890,0.816399999984334
1891,0.7101999999966665
1892,0.7288000000837463
1893,0.6718000001179203
1894,0.8052666666000003
1895,0.6905333333266667
1896,0.7240666666622225
1897,0.6394666666822222
1898,0.39059999993999994
1899,0.6151333333066663
1900,0.729100000024
1901,0.6483866665
1902,0.37866666667999993
1903,0.6423999999373331
1904,0.7555999998983974
1905,0.6480666666399995
1906,0.6661266665866663
1907,0.6175999999599996
1908,0.7283999867572685
1909,0.6381333332800003
